Date,AMZN,BAC,F,AMGN,MSFT,GOOG,AAPL,JPM,WMT,TGT
2021-01-04,159.3314971923828,29.15154457092285,8.295475006103516,214.5945587158203,214.47909545898438,86.41200256347656,128.0870819091797,120.09455871582031,142.53939819335938,172.6693572998047
2021-01-05,160.92550659179688,29.374814987182617,8.422048568725586,215.635986328125,214.6859893798828,87.0459976196289,129.67071533203125,120.74803161621094,141.78065490722656,175.3328399658203
2021-01-06,156.91900634765625,31.209529876708984,8.60704231262207,220.83377075195312,209.11932373046875,86.7645034790039,125.30580139160156,126.41785430908203,142.66587829589844,183.64407348632812
2021-01-07,158.10800170898438,31.898759841918945,8.821244239807129,221.56277465820312,215.0702667236328,89.36250305175781,129.58163452148438,130.56930541992188,142.65614318847656,185.76319885253906
2021-01-08,159.13499450683594,31.578414916992188,8.762825012207031,225.79481506347656,216.38063049316406,90.3604965209961,130.7000732421875,130.71347045898438,142.6366729736328,188.193359375
2021-01-11,155.7104949951172,32.10261154174805,9.05492115020752,224.92379760742188,214.28207397460938,88.33599853515625,127.6614761352539,132.66427612304688,143.2786865234375,189.82644653320312
2021-01-12,156.04150390625,32.675357818603516,9.522270202636719,223.99598693847656,211.75979614257812,87.32749938964844,127.48331451416016,134.74961853027344,144.91294860839844,193.53977966308594
2021-01-13,158.29449462890625,32.481204986572266,9.522270202636719,225.08474731445312,213.14903259277344,87.72000122070312,129.5519256591797,134.8745574951172,143.43435668945312,191.32345581054688
2021-01-14,156.37350463867188,32.995704650878906,9.901992797851562,228.7960662841797,209.87799072265625,87.00900268554688,127.59217071533203,135.66253662109375,142.96739196777344,192.48020935058594
2021-01-15,155.21249389648438,32.044368743896484,9.570952415466309,232.4221954345703,209.513427734375,86.80950164794922,125.84027862548828,133.2312469482422,140.7008819580078,189.35984802246094
2021-01-19,156.03799438476562,31.811391830444336,9.755945205688477,235.05421447753906,213.24754333496094,89.54299926757812,126.52322387695312,132.65464782714844,139.48489379882812,182.90528869628906
2021-01-20,163.16900634765625,31.393972396850586,10.573809623718262,238.92649841308594,221.031005859375,94.34500122070312,130.6802978515625,130.66542053222656,141.54718017578125,183.0413818359375
2021-01-21,165.34950256347656,30.840646743774414,11.226152420043945,238.61407470703125,221.65171813964844,94.5625,135.4708251953125,129.56988525390625,140.90518188476562,185.9284210205078
2021-01-22,164.6114959716797,30.6270809173584,11.216418266296387,240.0058135986328,222.6172637939453,95.05249786376953,137.6483154296875,128.57046508789062,142.34486389160156,186.55056762695312
2021-01-25,164.6999969482422,30.248489379882812,10.992478370666504,243.4141845703125,226.1444549560547,94.97000122070312,141.45895385742188,126.96561431884766,142.21839904785156,184.83969116210938
2021-01-26,166.30650329589844,30.03492546081543,10.895112991333008,244.8343505859375,228.9031524658203,95.86199951171875,141.69650268554688,126.4466781616211,143.4927215576172,182.4581298828125
2021-01-27,161.62899780273438,28.9573974609375,10.505654335021973,237.69569396972656,229.46475219726562,91.53949737548828,140.6077423095703,122.87181091308594,139.92266845703125,173.30120849609375
2021-01-28,161.88099670410156,29.433061599731445,10.4375,234.5619354248047,235.4058074951172,93.15550231933594,135.68856811523438,125.03404235839844,139.83509826660156,178.4532012939453
2021-01-29,160.30999755859375,28.78265953063965,10.252506256103516,228.5783233642578,228.53863525390625,91.78700256347656,130.61099243164062,123.65021514892578,136.66387939453125,176.11048889160156
2021-02-01,167.1439971923828,29.083589553833008,10.544600486755371,227.63157653808594,236.11517333984375,95.06749725341797,132.7687225341797,124.56314849853516,135.4771270751953,178.44346618652344
2021-02-02,169.0,30.122291564941406,10.573809623718262,227.68836975097656,235.9772491455078,96.37550354003906,133.6100311279297,128.39747619628906,136.936279296875,180.40707397460938
2021-02-03,165.62649536132812,30.656204223632812,10.9048490524292,224.45989990234375,239.415771484375,103.50350189208984,132.57077026367188,129.8677978515625,137.3545379638672,179.9404754638672
2021-02-04,166.5500030517578,31.54929542541504,11.070369720458984,224.59243774414062,238.44039916992188,103.11849975585938,135.98548889160156,132.85647583007812,138.64833068847656,183.32325744628906
2021-02-05,167.6074981689453,31.423093795776367,11.206680297851562,223.74034118652344,238.62757873535156,104.9000015258789,135.564208984375,132.5970001220703,140.42849731445312,183.5857391357422
2021-02-08,166.14700317382812,32.12203598022461,11.255363464355469,224.92379760742188,238.89361572265625,104.64550018310547,135.712890625,134.67274475097656,141.08026123046875,188.5335693359375
2021-02-09,165.25,31.986127853393555,11.615612983703613,224.0527801513672,240.1744384765625,104.17549896240234,134.82073974609375,134.13458251953125,141.85845947265625,188.8640899658203
2021-02-10,164.32899475097656,32.0152473449707,11.450092315673828,225.76644897460938,239.2384490966797,104.76899719238281,134.2061767578125,134.2114715576172,140.2047576904297,187.0657501220703
2021-02-11,163.10650634765625,31.91817283630371,11.148262023925781,224.18310546875,240.8838348388672,104.79450225830078,133.94845581054688,133.83670043945312,140.09776306152344,185.09243774414062
2021-02-12,163.885498046875,32.393836975097656,11.148262023925781,226.2528839111328,241.37644958496094,105.20549774169922,134.18634033203125,135.7394256591797,140.53549194335938,186.08395385742188
2021-02-16,163.44749450683594,33.26750946044922,11.235888481140137,222.084716796875,240.10546875,106.09500122070312,132.02542114257812,139.00677490234375,141.69309997558594,185.92788696289062
2021-02-17,165.4320068359375,33.40342330932617,11.177470207214355,224.72677612304688,241.1522216796875,106.41549682617188,129.69598388671875,139.43922424316406,143.19114685058594,188.8642578125
2021-02-18,166.4114990234375,33.18985366821289,11.128787994384766,221.78904724121094,240.74732971191406,105.86000061035156,128.5758514404297,139.91009521484375,133.9109649658203,186.7278289794922
2021-02-19,162.4949951171875,33.52961730957031,11.274835586547852,220.98785400390625,237.96255493164062,105.05699920654297,128.73443603515625,142.2453155517578,134.57244873046875,184.20115661621094
2021-02-22,159.03700256347656,34.121768951416016,11.39167308807373,220.7779998779297,231.58316040039062,103.24400329589844,124.89828491210938,143.58108520507812,133.9401397705078,184.3670196533203
2021-02-23,159.72500610351562,34.48094940185547,11.31378173828125,221.72225952148438,230.358642578125,103.54299926757812,124.759521484375,144.73426818847656,131.78060913085938,181.80136108398438
2021-02-24,157.97650146484375,35.315792083740234,11.94665241241455,219.36636352539062,231.62266540527344,104.75849914550781,124.25396728515625,147.28086853027344,129.58216857910156,182.5037384033203
2021-02-25,152.85800170898438,34.87895202636719,11.450092315673828,217.01046752929688,226.13204956054688,101.56800079345703,119.9321060180664,145.2820281982422,128.35646057128906,180.5526580810547
2021-02-26,154.64649963378906,33.69464111328125,11.39167308807373,214.5305633544922,229.47975158691406,101.84300231933594,120.19973754882812,141.428466796875,126.38175201416016,178.95278930664062
2021-03-01,157.3070068359375,34.7430534362793,11.664294242858887,216.55262756347656,233.9828338623047,104.07550048828125,126.67263793945312,144.6285400390625,127.79227447509766,181.53794860839844
2021-03-02,154.72650146484375,34.49065399169922,12.21927261352539,215.26498413085938,230.95115661621094,103.79199981689453,124.0259780883789,144.1576690673828,126.56657409667969,169.2461700439453
2021-03-03,150.25,35.354618072509766,11.849286079406738,213.5958251953125,224.71990966796875,101.33550262451172,120.99272918701172,146.94454956054688,124.11521911621094,169.3632354736328
2021-03-04,148.8784942626953,35.608272552490234,11.615612983703613,211.65960693359375,223.90023803710938,102.45449829101562,119.0796127319336,144.6862030029297,124.05684661865234,165.66595458984375
2021-03-05,150.0229949951172,36.02775955200195,11.94665241241455,217.2107391357422,228.70950317382812,105.427001953125,120.35832977294922,145.02255249023438,125.6035385131836,168.3876953125
2021-03-08,147.59750366210938,36.222877502441406,12.316637992858887,217.28707885742188,224.552001953125,101.20850372314453,115.34257507324219,146.94454956054688,124.39730072021484,172.54348754882812
2021-03-09,153.1425018310547,35.43266677856445,12.23874568939209,218.4125518798828,230.86227416992188,102.63500213623047,120.03121948242188,145.90667724609375,125.37981414794922,174.79696655273438
2021-03-10,152.8820037841797,36.45701217651367,12.569786071777344,219.33775329589844,229.51925659179688,102.75150299072266,118.9309310913086,149.07794189453125,128.5802001953125,174.211669921875
2021-03-11,155.67950439453125,36.33019256591797,12.47242259979248,220.49185180664062,234.17047119140625,105.7385025024414,120.89360809326172,148.29953002929688,128.53158569335938,174.93356323242188
2021-03-12,154.47450256347656,37.01308822631836,13.017664909362793,219.71926879882812,232.8076934814453,103.09600067138672,119.97174835205078,150.0581512451172,130.46737670898438,175.60670471191406
2021-03-15,154.08399963378906,36.82773208618164,12.852144241333008,225.0605926513672,231.87940979003906,103.32450103759766,122.90585327148438,149.30856323242188,129.79615783691406,176.67001342773438
2021-03-16,154.59300231933594,36.72041702270508,12.16085433959961,229.21923828125,234.7432403564453,104.6259994506836,124.4720458984375,147.5211181640625,129.7572479248047,175.8018035888672
2021-03-17,156.7864990234375,37.02284240722656,12.355584144592285,232.9867401123047,234.08157348632812,104.55400085449219,123.66914367675781,149.0394744873047,128.67747497558594,174.03607177734375
2021-03-18,151.39950561523438,37.9886589050293,12.16085433959961,233.12982177734375,227.84048461914062,101.81099700927734,119.47611236572266,151.49961853027344,126.99732971191406,175.21646118164062
2021-03-19,153.7480010986328,37.58867263793945,12.491894721984863,234.57960510253906,227.47508239746094,102.16000366210938,118.94082641601562,149.08753967285156,128.687255859375,182.96224975585938
2021-03-22,155.5435028076172,36.73992919921875,12.511366844177246,238.15638732910156,233.04469299316406,101.92949676513672,122.31110382080078,145.08023071289062,129.3026580810547,183.4402618408203
2021-03-23,156.875,35.99850082397461,11.888233184814453,233.72117614746094,234.61485290527344,102.64800262451172,121.46855163574219,143.62913513183594,130.83627319335938,184.29872131347656
2021-03-24,154.35350036621094,35.99850082397461,11.820077896118164,234.1313018798828,232.52133178710938,102.25299835205078,119.03996276855469,144.74388122558594,130.0255126953125,183.6743927001953
2021-03-25,152.31300354003906,36.73992919921875,11.995333671569824,234.8752899169922,229.44024658203125,102.21800231933594,119.53559112548828,146.5985870361328,130.90464782714844,187.9862823486328
2021-03-26,152.60150146484375,37.73501205444336,11.975862503051758,241.17996215820312,233.52857971191406,101.77749633789062,120.15017700195312,149.0394744873047,131.99868774414062,196.03445434570312
2021-03-29,153.7864990234375,37.374053955078125,11.829814910888672,243.18295288085938,232.30406188964844,102.79750061035156,120.3285903930664,146.72349548339844,133.50299072265625,193.36148071289062
2021-03-30,152.76449584960938,38.037437438964844,12.131646156311035,238.213623046875,228.95639038085938,102.7770004272461,118.85163116455078,148.4532928466797,132.59457397460938,194.7662353515625
2021-03-31,154.70399475097656,37.7447624206543,11.927179336547852,237.3170166015625,232.82745361328125,103.43150329589844,121.08194732666016,146.29104614257812,132.68246459960938,193.22491455078125
2021-04-01,158.0500030517578,38.52521896362305,11.849286079406738,237.66038513183594,239.32533264160156,106.88749694824219,121.92451477050781,147.7133331298828,132.47732543945312,195.81007385253906
2021-04-05,161.3365020751953,38.82764434814453,12.365320205688477,240.37876892089844,245.96145629882812,111.27749633789062,124.7991714477539,148.49630737304688,136.1990509033203,200.3268280029297
2021-04-06,161.1909942626953,38.72032928466797,12.579524040222168,237.59365844726562,244.7665557861328,111.23750305175781,125.1064453125,147.4523468017578,136.85353088378906,200.4048614501953
2021-04-07,163.96949768066406,39.07154083251953,12.394530296325684,236.6588897705078,246.7810821533203,112.48400115966797,126.78167724609375,149.76260375976562,136.5604705810547,199.44883728027344
2021-04-08,164.96499633789062,38.73008728027344,12.180327415466309,235.47618103027344,250.0892791748047,113.27200317382812,129.2201690673828,149.9462890625,136.47256469726562,198.4830780029297
2021-04-09,168.61000061035156,39.013004302978516,12.180327415466309,237.4505615234375,252.65682983398438,114.29399871826172,131.8370819091797,151.0675811767578,136.5409393310547,200.3365936279297
2021-04-12,168.96949768066406,39.081295013427734,12.053753852844238,237.44102478027344,252.71609497070312,112.739501953125,130.09246826171875,150.74859619140625,136.5604705810547,200.08294677734375
2021-04-13,170.0,38.359375,11.878498077392578,238.40435791015625,255.26390075683594,113.3635025024414,133.25457763671875,148.9506378173828,136.14044189453125,199.92684936523438
2021-04-14,166.64999389648438,38.90569305419922,11.91744327545166,238.089599609375,252.40005493164062,112.74199676513672,130.8755645751953,146.16668701171875,136.0915985107422,200.67803955078125
2021-04-15,168.95449829101562,37.79354476928711,11.91744327545166,243.34512329101562,256.26129150390625,114.83300018310547,133.323974609375,147.0946807861328,136.91212463378906,200.72679138183594
2021-04-16,169.9720001220703,38.19353103637695,11.907706260681152,243.8983154296875,257.48583984375,114.88800048828125,132.98695373535156,148.18698120117188,137.35171508789062,203.44854736328125
2021-04-19,168.60049438476562,38.213035583496094,11.790867805480957,244.1463165283203,255.51077270507812,115.12000274658203,133.66099548339844,147.5586700439453,136.47256469726562,203.5460968017578
2021-04-20,166.7344970703125,37.14967346191406,11.148262023925781,247.1698760986328,255.03675842285156,114.68150329589844,131.94613647460938,144.29139709472656,137.5275421142578,202.1998748779297
2021-04-21,168.1009979248047,37.77403259277344,11.420882225036621,246.82650756835938,257.32781982421875,114.66449737548828,132.3327178955078,145.51902770996094,137.9280242919922,201.71209716796875
2021-04-22,165.45199584960938,37.42282485961914,11.625348091125488,243.268798828125,253.9603729248047,113.39600372314453,130.78636169433594,142.45477294921875,136.4335174560547,200.5414581298828
2021-04-23,167.04400634765625,38.22279739379883,11.897969245910645,245.1573486328125,257.890625,115.76499938964844,133.14552307128906,145.18072509765625,136.65814208984375,200.97067260742188
2021-04-26,170.4499969482422,38.447174072265625,11.94665241241455,243.71710205078125,258.2856750488281,116.33699798583984,133.5420379638672,145.5383758544922,134.71429443359375,198.64889526367188
2021-04-27,170.8715057373047,38.90569305419922,12.16085433959961,243.34512329101562,258.7004089355469,115.35600280761719,133.21493530273438,146.2053680419922,135.1733856201172,199.36105346679688
2021-04-28,172.9250030517578,39.05202102661133,12.102437019348145,225.7759552001953,251.38291931152344,118.99549865722656,132.41200256347656,147.1526641845703,134.6947479248047,199.4586181640625
2021-04-29,173.5655059814453,40.10564041137695,10.963268280029297,223.8683624267578,249.35850524902344,121.49449920654297,132.31289672851562,150.01394653320312,136.39442443847656,202.3071746826172
2021-04-30,173.37100219726562,39.53981018066406,11.235888481140137,228.5706329345703,249.03262329101562,120.50599670410156,130.310546875,148.67996215820312,136.66793823242188,202.1901092529297
2021-05-03,169.32449340820312,39.56907653808594,11.323518753051758,234.04547119140625,248.7166290283203,119.75849914550781,131.38108825683594,148.24497985839844,138.82672119140625,206.11178588867188
2021-05-04,165.593505859375,39.998329162597656,11.109315872192383,235.93402099609375,244.69741821289062,117.7125015258789,126.73210906982422,150.2942657470703,137.45916748046875,206.4336700439453
2021-05-05,163.52699279785156,40.37880325317383,11.304043769836426,237.83209228515625,243.39389038085938,117.83699798583984,126.97993469238281,152.26625061035156,137.3419647216797,207.21412658691406
2021-05-06,165.31849670410156,40.9836540222168,11.430619239807129,239.69203186035156,246.6132049560547,119.06749725341797,128.6055908203125,155.3305206298828,138.32260131835938,207.78970336914062
2021-05-07,164.58050537109375,41.14950180053711,11.508511543273926,242.4676055908203,249.30914306640625,119.93450164794922,129.29074096679688,155.86216735839844,137.4890594482422,209.45787048339844
2021-05-10,159.52450561523438,41.022682189941406,11.401410102844238,240.95103454589844,244.0950164794922,117.08300018310547,125.95442962646484,155.84283447265625,138.09707641601562,208.79449462890625
2021-05-11,161.19549560546875,40.554405212402344,11.274835586547852,240.6458282470703,243.15689086914062,115.43800354003906,125.02108764648438,153.25221252441406,136.85162353515625,204.12167358398438
2021-05-12,157.5970001220703,40.17393493652344,11.031424522399902,239.2437286376953,236.01712036132812,111.9540023803711,121.90324401855469,152.19857788085938,133.31141662597656,197.9952850341797
2021-05-13,158.07350158691406,40.81781005859375,11.245626449584961,240.4264373779297,239.996826171875,113.09850311279297,124.08771514892578,156.11349487304688,135.56695556640625,203.507080078125
2021-05-14,161.14500427246094,41.32509994506836,11.527983665466309,241.45420837402344,245.05291748046875,115.80799865722656,126.55020141601562,158.53977966308594,136.8221893310547,205.9947052001953
2021-05-17,163.51950073242188,41.69581985473633,11.829814910888672,242.41470336914062,242.1199951171875,116.07050323486328,125.3785400390625,159.17776489257812,136.20437622070312,204.88259887695312
2021-05-18,161.61399841308594,41.12998962402344,11.820077896118164,240.95474243164062,240.04620361328125,115.17150115966797,123.96855926513672,156.93515014648438,139.16598510742188,202.0345458984375
2021-05-19,161.58999633789062,40.94463348388672,11.790867805480957,238.8127899169922,240.64007568359375,115.43550109863281,123.8096923828125,155.73648071289062,139.17579650878906,214.34669494628906
2021-05-20,162.38400268554688,40.847068786621094,12.16085433959961,241.9824981689453,243.9658203125,117.80449676513672,126.41118621826172,155.46583557128906,139.66610717773438,217.06748962402344
2021-05-21,160.1540069580078,41.3641242980957,12.978718757629395,241.0988006591797,242.66915893554688,117.25499725341797,124.5444564819336,157.23480224609375,139.0090789794922,220.29722595214844
2021-05-24,162.24949645996094,41.58850860595703,12.715834617614746,237.96754455566406,248.221923828125,120.33350372314453,126.20267486572266,158.08544921875,139.0188751220703,220.61041259765625
2021-05-25,162.95249938964844,40.9836540222168,12.47242259979248,232.44456481933594,249.15237426757812,120.45349884033203,126.00408172607422,156.45181274414062,139.58766174316406,220.5027618408203
2021-05-26,163.25799560546875,41.01292037963867,13.533697128295898,229.1307830810547,248.9247283935547,121.67649841308594,125.95442962646484,156.4324951171875,139.42095947265625,222.27420043945312
2021-05-27,161.5054931640625,41.51046371459961,14.487872123718262,226.0187225341797,246.76693725585938,120.12550354003906,124.39552307128906,158.86842346191406,138.9502410888672,222.5286865234375
2021-05-28,161.15350341796875,41.3543701171875,14.1470947265625,228.54489135742188,247.13316345214844,120.5780029296875,123.7302474975586,158.7621307373047,139.28367614746094,222.0882568359375
2021-06-01,160.9324951171875,41.871421813964844,14.419716835021973,224.35704040527344,244.87643432617188,121.4905014038086,123.40257263183594,160.51174926757812,138.92080688476562,222.43081665039062
2021-06-02,161.69949340820312,41.890933990478516,14.517081260681152,225.87464904785156,244.7774658203125,121.06400299072266,124.17707824707031,160.52139282226562,138.61679077148438,223.5172119140625
2021-06-03,159.35049438476562,42.370975494384766,15.568620681762695,226.4317626953125,243.20367431640625,120.23049926757812,122.66780853271484,160.6277313232422,138.8619842529297,224.3001251220703
2021-06-04,160.31100463867188,42.390567779541016,15.549148559570312,227.4979248046875,248.23182678222656,122.58799743652344,125.00121307373047,160.8887176513672,139.10714721679688,226.4141387939453
2021-06-07,159.90049743652344,42.243614196777344,15.461519241333008,227.82447814941406,251.22103881835938,123.30449676513672,125.01113891601562,160.13473510742188,138.17550659179688,225.97373962402344
2021-06-08,163.20550537109375,42.00849533081055,15.218108177185059,227.4691162109375,249.9936981201172,124.14250183105469,125.84521484375,159.4967498779297,137.12620544433594,230.09408569335938
2021-06-09,164.0574951171875,41.45988082885742,15.072059631347656,230.0625,251.0032958984375,124.56999969482422,126.23245239257812,157.50547790527344,136.39071655273438,227.00135803222656
2021-06-10,167.4824981689453,40.842674255371094,14.711811065673828,234.98031616210938,254.61605834960938,126.08000183105469,125.21965789794922,155.0501708984375,137.17523193359375,226.72735595703125
2021-06-11,167.3415069580078,41.00922393798828,14.87732982635498,233.18417358398438,255.2594757080078,125.69650268554688,126.45089721679688,154.94384765625,138.0283966064453,227.98007202148438
2021-06-14,169.19349670410156,40.519386291503906,14.478135108947754,231.6665496826172,257.239013671875,126.35199737548828,129.55880737304688,152.31455993652344,137.8420867919922,228.10733032226562
2021-06-15,169.156494140625,40.54877471923828,14.604708671569824,230.3794708251953,255.724609375,126.03299713134766,128.7247314453125,150.00428771972656,137.29290771484375,227.61795043945312
2021-06-16,170.7624969482422,40.77410125732422,14.62418270111084,230.1201171875,254.75462341308594,125.69650268554688,129.2311248779297,151.0579376220703,134.49801635742188,226.33584594726562
2021-06-17,174.46200561523438,38.991092681884766,14.380770683288574,231.2535400390625,258.2386779785156,126.37100219726562,130.85955810546875,146.69834899902344,135.05699157714844,226.2967071533203
2021-06-18,174.34500122070312,37.991825103759766,14.137358665466309,229.25564575195312,256.7837219238281,125.56749725341797,129.53895568847656,142.98643493652344,132.55628967285156,225.6213836669922
2021-06-21,172.697998046875,38.942108154296875,14.390507698059082,230.75405883789062,259.95111083984375,126.45500183105469,131.365966796875,145.41270446777344,133.76251220703125,228.7924041748047
2021-06-22,175.27200317382812,39.15763854980469,14.517081260681152,230.4370880126953,262.80169677734375,126.99949645996094,133.03408813476562,145.20004272460938,134.3803253173828,232.15916442871094
2021-06-23,175.1909942626953,39.38296127319336,15.013641357421875,229.28448486328125,262.56414794921875,126.46150207519531,132.75607299804688,146.07969665527344,133.33102416992188,232.25701904296875
2021-06-24,172.45399475097656,40.000160217285156,14.857858657836914,231.43603515625,263.96966552734375,127.28199768066406,132.46812438964844,147.42333984375,134.26266479492188,234.73316955566406
2021-06-25,170.072998046875,40.77410125732422,14.789701461791992,233.09771728515625,262.31671142578125,126.99500274658203,132.1702423095703,148.91197204589844,135.85133361816406,235.4280548095703
2021-06-28,172.1945037841797,40.71532440185547,14.565764427185059,233.2514190673828,265.9789733886719,126.81950378417969,133.82846069335938,149.18263244628906,135.42965698242188,236.12290954589844
2021-06-29,172.40699768066406,40.058937072753906,14.614446640014648,232.8864288330078,268.631591796875,126.01850128173828,135.36752319335938,148.99896240234375,134.64512634277344,236.70037841796875
2021-06-30,172.00799560546875,40.39202880859375,14.468398094177246,234.12547302246094,268.1366882324219,125.31600189208984,135.99305725097656,150.35226440429688,138.29319763183594,236.5927276611328
2021-07-01,171.64849853515625,40.69572830200195,14.517081260681152,237.15109252929688,268.82958984375,126.36849975585938,136.30087280273438,151.84092712402344,136.6260528564453,238.28585815429688
2021-07-02,175.5489959716797,40.313655853271484,14.536554336547852,238.88002014160156,274.8178405761719,128.718994140625,138.9718780517578,151.69508361816406,137.40077209472656,241.32965087890625
2021-07-06,183.78700256347656,39.2556037902832,14.117886543273926,234.02943420410156,274.8277587890625,129.77099609375,141.01731872558594,149.1478729248047,137.23406982421875,240.22372436523438
2021-07-07,184.82899475097656,38.942108154296875,13.855001449584961,233.61639404296875,277.0746154785156,130.07749938964844,143.54934692382812,149.3228759765625,137.00851440429688,242.2790069580078
2021-07-08,186.57049560546875,37.991825103759766,13.689480781555176,234.63455200195312,274.59027099609375,129.177001953125,142.22874450683594,146.74649047851562,136.89083862304688,243.2870635986328
2021-07-09,185.9669952392578,39.22621536254883,14.09841251373291,235.5182342529297,275.10491943359375,129.57449340820312,144.08554077148438,151.4423065185547,137.5871124267578,243.2870635986328
2021-07-12,185.92750549316406,39.804222106933594,14.224987030029297,234.7209930419922,274.49127197265625,130.56399536132812,143.4798126220703,153.61033630371094,137.34194946289062,246.86915588378906
2021-07-13,183.8679962158203,39.049869537353516,14.039993286132812,235.162841796875,278.1138916015625,130.9945068359375,144.6117706298828,151.3256378173828,137.86170959472656,246.38955688476562
2021-07-14,184.08399963378906,38.07019805908203,13.874473571777344,235.03797912597656,279.6283264160156,132.08250427246094,148.09698486328125,150.81036376953125,138.8129425048828,248.2295379638672
2021-07-15,181.55999755859375,38.040809631347656,13.640798568725586,236.89175415039062,278.16339111328125,131.26649475097656,147.43173217773438,151.14093017578125,138.92080688476562,247.54443359375
2021-07-16,178.68150329589844,37.1493034362793,13.251338958740234,238.1692352294922,277.8862609863281,131.8455047607422,145.35647583007812,147.68955993652344,138.82272338867188,245.80233764648438
2021-07-19,177.47950744628906,36.179420471191406,12.930035591125488,236.98779296875,274.1844177246094,129.25399780273438,141.44427490234375,142.8867950439453,138.49911499023438,245.77297973632812
2021-07-20,178.6595001220703,36.923973083496094,13.54343318939209,237.14149475097656,276.4708557128906,131.10150146484375,145.11817932128906,145.5506591796875,139.1267547607422,249.28656005859375
2021-07-21,179.25999450683594,37.67832565307617,13.816054344177246,235.1820526123047,278.52960205078125,132.60049438476562,144.3734588623047,148.61314392089844,138.44029235839844,250.59800720214844
2021-07-22,181.90150451660156,37.1884880065918,13.54343318939209,235.07638549804688,283.2212829589844,133.32850646972656,145.76358032226562,146.7367706298828,138.53836059570312,251.53759765625
2021-07-23,182.83200073242188,36.933773040771484,13.455806732177734,237.938720703125,286.71527099609375,137.8159942626953,147.5111541748047,146.45481872558594,139.67591857910156,255.47198486328125
2021-07-26,184.99099731445312,37.35503387451172,13.660270690917969,235.4029541015625,286.1015930175781,139.64450073242188,147.93812561035156,147.43675231933594,139.87205505371094,255.3055877685547
2021-07-27,181.3195037841797,37.20808029174805,13.426595687866211,235.0187530517578,283.6171875,136.79649353027344,145.7338104248047,147.2423095703125,139.88185119628906,252.8588104248047
2021-07-28,181.51600646972656,37.35503387451172,13.4947509765625,234.60572814941406,283.3004150390625,136.38150024414062,143.95640563964844,147.48538208007812,139.31309509277344,251.9388427734375
2021-07-29,179.99600219726562,37.893856048583984,14.010785102844238,232.8864288330078,283.5776062011719,136.54049682617188,144.6117706298828,148.74925231933594,139.48959350585938,256.08856201171875
2021-07-30,166.37950134277344,37.58035659790039,13.582379341125488,232.00274658203125,282.00384521484375,135.2209930419922,144.8302001953125,147.56314086914062,139.79359436035156,255.49151611328125
2021-08-02,166.57400512695312,37.1884880065918,13.54343318939209,230.32183837890625,281.91473388671875,135.989501953125,144.49264526367188,146.9700927734375,139.46998596191406,251.76268005371094
2021-08-03,168.31199645996094,37.76649856567383,13.650535583496094,234.4424591064453,284.1912841796875,136.27999877929688,146.31964111328125,148.64231872558594,141.03904724121094,256.6170349121094
2021-08-04,167.73599243164062,37.4921875,12.968981742858887,219.29513549804688,283.5874938964844,136.02850341796875,145.91253662109375,147.03817749023438,140.07798767089844,254.98263549804688
2021-08-05,168.79949951171875,38.22694778442383,13.348705291748047,224.7508544921875,286.5667419433594,136.94000244140625,146.02175903320312,148.8950958251953,142.6767578125,255.83407592773438
2021-08-06,167.2469940185547,39.333980560302734,13.436332702636719,221.06248474121094,286.50738525390625,137.03599548339844,145.32566833496094,153.1242218017578,142.42178344726562,254.55198669433594
2021-08-09,167.093505859375,39.843406677246094,13.387650489807129,218.89170837402344,285.3888854980469,138.0019989013672,145.27593994140625,152.95896911621094,142.7650146484375,256.82257080078125
2021-08-10,166.03399658203125,40.58796310424805,13.455806732177734,218.95895385742188,283.51824951171875,138.09649658203125,144.78866577148438,154.83534240722656,145.8050537109375,258.4472351074219
2021-08-11,164.60549926757812,41.09739685058594,13.562908172607422,219.1222381591797,284.02301025390625,137.6894989013672,145.04721069335938,156.68255615234375,147.1093292236328,257.40985107421875
2021-08-12,165.1750030517578,41.293331146240234,13.533697128295898,219.14144897460938,286.85382080078125,138.38949584960938,148.06033325195312,157.29502868652344,146.7156524658203,256.30389404296875
2021-08-13,164.69850158691406,40.78390121459961,13.231867790222168,220.61102294921875,289.86285400390625,138.406005859375,148.26918029785156,155.5353240966797,147.1782684326172,255.9711456298828
2021-08-16,164.94949340820312,40.4508056640625,13.105291366577148,223.66001892089844,291.594970703125,138.91600036621094,150.2779083251953,154.51449584960938,148.37905883789062,257.54681396484375
2021-08-17,162.09800720214844,40.2548713684082,12.64767837524414,223.78585815429688,290.0904541015625,137.30050659179688,149.3531036376953,152.64784240722656,148.32984924316406,250.08311462402344
2021-08-18,160.06100463867188,39.96097183227539,12.657414436340332,219.56565856933594,288.31536865234375,136.57000732421875,145.54444885253906,151.25759887695312,146.75502014160156,243.13992309570312
2021-08-19,159.3874969482422,39.37316131591797,12.336111068725586,217.19424438476562,294.30517578125,136.9134979248047,145.8825225830078,149.9936981201172,147.74913024902344,241.00885009765625
2021-08-20,159.99749755859375,39.54950714111328,12.23874568939209,216.36180114746094,301.83209228515625,138.43699645996094,147.36422729492188,150.42147827148438,149.06805419921875,248.85552978515625
2021-08-23,163.2935028076172,40.07853317260742,12.394530296325684,218.40415954589844,302.11968994140625,141.09950256347656,148.87576293945312,152.3464813232422,148.08377075195312,248.0011444091797
2021-08-24,165.28900146484375,40.63694763183594,12.735305786132812,217.18453979492188,300.1065979003906,142.39849853515625,148.78627014160156,153.28952026367188,146.55816650390625,246.1548614501953
2021-08-25,164.95899963378906,41.293331146240234,12.822935104370117,214.48402404785156,299.5016784667969,142.9499969482422,147.5332794189453,156.44921875,146.61721801757812,246.64588928222656
2021-08-26,165.8000030517578,41.185569763183594,12.560049057006836,214.3678741455078,296.6059265136719,142.1230010986328,146.71786499023438,157.25616455078125,145.0325469970703,244.4951934814453
2021-08-27,167.48150634765625,41.62641906738281,12.959245681762695,215.63584899902344,297.2306823730469,144.55050659179688,147.77194213867188,158.52005004882812,144.21559143066406,244.7112274169922
2021-08-30,171.07850646972656,40.81328582763672,12.706097602844238,216.9425811767578,301.06854248046875,145.46949768066406,152.26675415039062,155.98257446289062,145.3770294189453,244.88800048828125
2021-08-31,173.5395050048828,40.90146255493164,12.686624526977539,218.2976837158203,299.3727722167969,145.46200561523438,150.9839630126953,155.5061798095703,145.77073669433594,242.55067443847656
2021-09-01,173.9499969482422,40.352840423583984,12.764516830444336,216.1875762939453,299.3231506347656,145.8419952392578,151.66015625,155.28256225585938,145.4557647705078,241.9516143798828
2021-09-02,173.156005859375,40.392234802246094,12.66715145111084,218.71389770507812,298.6488037109375,144.218994140625,152.79380798339844,156.00201416015625,146.2235107421875,241.40167236328125
2021-09-03,173.90249633789062,40.42176818847656,12.550313949584961,219.11073303222656,298.638916015625,144.77499389648438,153.440185546875,155.05894470214844,146.90264892578125,239.92855834960938
2021-09-07,175.46449279785156,40.68764114379883,12.608732223510742,214.24203491210938,297.6868591308594,145.5189971923828,155.81687927246094,154.78672790527344,144.9538116455078,238.36708068847656
2021-09-08,176.27499389648438,40.15590286254883,12.686624526977539,213.787109375,297.7165832519531,144.8834991455078,154.2456817626953,154.09645080566406,145.1408233642578,241.6962890625
2021-09-09,174.20799255371094,40.30360412597656,12.42374038696289,208.666748046875,294.7812194824219,144.9134979248047,153.21148681640625,154.7672882080078,144.11715698242188,241.03829956054688
2021-09-10,173.45750427246094,39.653709411621094,12.345848083496094,206.89544677734375,293.25396728515625,141.92100524902344,148.13990783691406,152.98812866210938,143.59548950195312,240.15443420410156
2021-09-13,172.85850524902344,40.313453674316406,12.64767837524414,209.7701873779297,294.5233154296875,143.46499633789062,148.71665954589844,155.41867065429688,142.77853393554688,238.74026489257812
2021-09-14,172.5,39.230289459228516,12.52110481262207,209.11199951171875,297.30010986328125,143.406005859375,147.29461669921875,152.70619201660156,142.03050231933594,237.8957061767578
2021-09-15,173.7895050048828,39.52569580078125,12.871618270874023,211.13497924804688,302.288330078125,145.20599365234375,148.19955444335938,153.7659149169922,142.27658081054688,239.76162719726562
2021-09-16,174.41200256347656,39.830955505371094,13.046873092651367,210.38967895507812,302.68499755859375,144.37350463867188,147.9608917236328,153.69786071777344,142.74900817871094,242.52122497558594
2021-09-17,173.12600708007812,39.88018798828125,13.19292163848877,212.3448944091797,297.3794250488281,141.4635009765625,145.24609375,153.29922485351562,142.4537353515625,242.24624633789062
2021-09-20,167.7864990234375,38.51145935058594,12.482157707214355,208.21182250976562,291.85565185546875,139.01699829101562,142.14349365234375,148.7103729248047,140.4950408935547,237.7974853515625
2021-09-21,167.18150329589844,38.53115463256836,12.433476448059082,208.4538116455078,292.3515319824219,139.64649963378906,142.6307373046875,148.72982788085938,140.77066040039062,236.98236083984375
2021-09-22,169.00250244140625,39.52569580078125,12.881352424621582,206.78897094726562,296.1001281738281,140.93850708007812,145.0372772216797,151.5784149169922,140.44583129882812,237.43411254882812
2021-09-23,170.8000030517578,41.051971435546875,13.348705291748047,208.15374755859375,297.072021484375,141.82650756835938,146.01182556152344,156.7019805908203,140.5245819091797,238.31797790527344
2021-09-24,171.2760009765625,41.495086669921875,13.41685962677002,206.7599334716797,296.86376953125,142.63299560546875,146.10130310058594,158.51031494140625,140.91827392578125,237.11004638671875
2021-09-27,170.2899932861328,42.59794998168945,13.786846160888672,206.27597045898438,291.7267761230469,141.50100708007812,144.5599365234375,162.3408660888672,140.01275634765625,234.3013458251953
2021-09-28,165.79800415039062,42.499481201171875,13.932892799377441,205.46290588378906,281.16522216796875,136.1840057373047,141.11923217773438,161.4658660888672,138.29026794433594,229.25350952148438
2021-09-29,165.05599975585938,42.410858154296875,13.92315673828125,208.008544921875,281.6412658691406,134.52099609375,142.03411865234375,161.3394775390625,138.23121643066406,231.6202850341797
2021-09-30,164.2519989013672,41.80034637451172,13.786846160888672,205.83071899414062,279.5785217285156,133.2655029296875,140.71151733398438,159.14227294921875,137.18788146972656,224.66725158691406
2021-10-01,164.16299438476562,42.42070770263672,13.786846160888672,207.05999755859375,286.6988830566406,136.46249389648438,141.8551025390625,162.4866943359375,134.89454650878906,224.3235321044922
2021-10-04,159.48899841308594,42.676727294921875,13.971839904785156,204.65951538085938,280.75860595703125,133.76499938964844,138.36465454101562,162.31167602539062,133.5952911376953,221.8389129638672
2021-10-05,161.0500030517578,43.54325866699219,13.913419723510742,205.06605529785156,286.3617248535156,136.177001953125,140.3236846923828,164.9622802734375,134.47129821777344,223.47894287109375
2021-10-06,163.10049438476562,43.56295394897461,13.747900009155273,203.24632263183594,290.675537109375,137.35400390625,141.20872497558594,165.3143768310547,135.45556640625,222.76205444335938
2021-10-07,165.1215057373047,43.44478988647461,14.49760913848877,202.41390991210938,292.4010925292969,139.1855010986328,142.49154663085938,166.3609161376953,137.05007934570312,225.69842529296875
2021-10-08,164.43099975585938,43.66141891479492,14.72154712677002,202.24935913085938,292.4010925292969,140.05599975585938,142.10369873046875,166.48806762695312,137.46348571777344,224.794921875
2021-10-11,162.31500244140625,43.109989166259766,14.692337989807129,200.07151794433594,291.7862854003906,138.84750366210938,142.0142059326172,162.986572265625,137.33554077148438,224.61814880371094
2021-10-12,162.3665008544922,42.87366485595703,15.22784423828125,195.41575622558594,290.4474792480469,136.71299743652344,140.72145080566406,161.734619140625,137.18788146972656,226.11090087890625
2021-10-13,164.21400451660156,42.47978973388672,15.101269721984863,197.0806121826172,293.8489990234375,137.89999389648438,140.1248016357422,157.47021484375,136.1937713623047,232.504150390625
2021-10-14,164.9929962158203,44.3802490234375,15.042850494384766,200.14894104003906,300.23553466796875,141.41200256347656,142.95892333984375,159.8860626220703,137.67015075683594,237.7483673095703
2021-10-15,170.4510040283203,45.66035079956055,15.286262512207031,201.17495727539062,301.6833801269531,141.6750030517578,144.03289794921875,162.95721435546875,138.3394775390625,241.303466796875
2021-10-18,172.33700561523438,45.57173156738281,15.149951934814453,196.6160125732422,304.7378234863281,142.9604949951172,145.73338317871094,162.89852905273438,139.4517059326172,249.10105895996094
2021-10-19,172.20750427246094,45.76866912841797,15.013641357421875,200.14894104003906,305.6700134277344,143.82200622558594,147.93106079101562,164.87425231933594,142.4143829345703,247.66725158691406
2021-10-20,170.7530059814453,46.36933517456055,15.617302894592285,202.93658447265625,304.8568115234375,142.4149932861328,148.42825317382812,167.09446716308594,143.70375061035156,247.313720703125
2021-10-21,171.75050354003906,46.11331558227539,16.113862991333008,202.2880859375,308.1789855957031,142.78050231933594,148.64703369140625,165.78387451171875,144.5010223388672,249.65103149414062
2021-10-22,166.77749633789062,46.84198760986328,15.85097885131836,202.5300750732422,306.59228515625,138.625,147.8614501953125,168.0138702392578,146.0069580078125,251.3401641845703
2021-10-25,166.01849365234375,46.78290557861328,15.578356742858887,200.97169494628906,305.57080078125,138.7729949951172,147.8117218017578,167.19227600097656,147.6999053955078,255.68092346191406
2021-10-26,168.80349731445312,47.22602081298828,15.519938468933105,201.98802185058594,307.53436279296875,139.6719970703125,148.4879608154297,167.64219665527344,146.4105224609375,254.08995056152344
2021-10-27,169.62449645996094,46.320098876953125,15.101269721984863,199.95538330078125,320.48590087890625,146.42750549316406,148.02056884765625,164.1504669189453,145.20968627929688,251.9392547607422
2021-10-28,172.32850646972656,47.048770904541016,16.415693283081055,200.52645874023438,321.6561279296875,146.12899780273438,151.71983337402344,166.625,146.11521911621094,253.58909606933594
2021-10-29,168.6215057373047,47.048770904541016,16.62989616394043,200.33285522460938,328.86572265625,148.27049255371094,148.96527099609375,166.16531372070312,147.0699920654297,254.9640350341797
2021-11-01,165.90550231933594,47.11770248413086,17.476970672607422,203.0624237060547,326.6343994140625,143.7740020751953,148.1299591064453,166.07728576660156,147.4341583251953,253.2945098876953
2021-11-02,165.6374969482422,47.14724349975586,17.53538703918457,207.3890838623047,330.36322021484375,145.86300659179688,149.1840362548828,166.7325897216797,147.36526489257812,255.59254455566406
2021-11-03,169.1999969482422,47.62974548339844,18.139047622680664,211.13497924804688,331.2259521484375,146.7899932861328,150.64585876464844,166.79127502441406,147.81802368164062,255.7398223876953
2021-11-04,173.85000610351562,46.60566329956055,18.908231735229492,208.03759765625,333.6457214355469,148.68299865722656,150.11880493164062,164.6003875732422,148.90072631835938,255.76930236816406
2021-11-05,175.94949340820312,46.25117111206055,18.78165626525879,206.914794921875,333.26885986328125,149.24099731445312,150.6565704345703,164.36566162109375,147.8672332763672,249.70993041992188
2021-11-08,174.44900512695312,46.615509033203125,19.61899185180664,204.5917510986328,334.1911315917969,149.35150146484375,149.82003784179688,165.353515625,146.92234802246094,248.7868194580078
2021-11-09,178.81149291992188,46.16254806518555,19.589784622192383,204.92083740234375,333.1598205566406,149.24850463867188,150.18849182128906,164.10157775878906,147.4341583251953,250.583984375
2021-11-10,174.1024932861328,46.50719451904297,18.849811553955078,206.3727569580078,328.05255126953125,146.62600708007812,147.3104248046875,163.945068359375,146.1053924560547,249.493896484375
2021-11-11,173.625,46.763214111328125,19.03480339050293,204.77566528320312,329.66900634765625,146.7480010986328,147.2606201171875,163.935302734375,146.16444396972656,251.41876220703125
2021-11-12,176.25750732421875,46.19208908081055,18.98612403869629,204.61111450195312,333.9233703613281,149.64549255371094,149.3719024658203,163.20175170898438,145.4360809326172,255.35679626464844
2021-11-15,177.28399658203125,46.3299446105957,19.336637496948242,202.4344940185547,333.2787780761719,149.38800048828125,149.38185119628906,162.90830993652344,144.59945678710938,259.5895080566406
2021-11-16,177.03500366210938,46.35948944091797,19.268482208251953,200.47262573242188,336.6902160644531,149.0760040283203,150.37771606445312,161.734619140625,140.91827392578125,262.50640869140625
2021-11-17,177.4499969482422,45.7982063293457,19.43400001525879,200.892333984375,336.9187316894531,149.06199645996094,152.8574676513672,160.8641357421875,139.70762634277344,250.0999298095703
2021-11-18,184.80299377441406,45.611122131347656,19.14043426513672,199.13543701171875,339.0547790527344,150.70899963378906,157.2194061279297,159.47528076171875,140.90843200683594,248.3754425048828
2021-11-19,183.82850646972656,44.705196380615234,18.97408103942871,201.14610290527344,340.8827819824219,149.95249938964844,159.88836669921875,157.3919677734375,140.15054321289062,247.04510498046875
2021-11-22,178.6284942626953,45.57173156738281,20.040699005126953,197.8762969970703,337.62408447265625,147.07850646972656,160.35643005371094,160.74676513671875,142.50294494628906,241.00450134277344
2021-11-23,179.0019989013672,46.77305603027344,19.766708374023438,199.6332244873047,335.4880676269531,146.7570037841797,160.74484252929688,164.59060668945312,143.51675415039062,245.5472869873047
2021-11-24,179.02049255371094,46.90107345581055,19.81563377380371,199.08663940429688,335.7165832519531,146.71749877929688,161.27264404296875,163.299560546875,144.23526000976562,245.13340759277344
2021-11-26,175.22799682617188,45.059688568115234,19.326358795166016,196.2755584716797,327.5399475097656,142.80599975585938,156.16378784179688,158.37982177734375,142.6210479736328,242.97532653808594
2021-11-29,178.07850646972656,44.89229202270508,19.248075485229492,198.59860229492188,334.44488525390625,146.11399841308594,159.57965087890625,157.69515991210938,140.38677978515625,245.52757263183594
2021-11-30,175.35350036621094,43.789432525634766,18.77837371826172,194.1184844970703,328.444091796875,142.45199584960938,164.61880493164062,155.34779357910156,138.41824340820312,240.28512573242188
2021-12-01,172.18600463867188,43.16907501220703,19.160005569458008,195.99252319335938,327.9373779296875,141.6179962158203,164.0909881591797,154.4283905029297,134.9831085205078,236.88543701171875
2021-12-02,171.8679962158203,44.4157600402832,19.443784713745117,196.35365295410156,327.3512268066406,143.77650451660156,163.08514404296875,157.6756134033203,133.33938598632812,241.92092895507812
2021-12-03,169.489501953125,43.40653610229492,18.72944450378418,197.59326171875,320.91326904296875,142.52049255371094,161.17306518554688,154.8196258544922,135.3472900390625,243.96075439453125
2021-12-06,171.36849975585938,43.68357849121094,18.80772590637207,203.7912139892578,324.0726623535156,143.79649353027344,164.6387176513672,156.64862060546875,136.81385803222656,239.42782592773438
2021-12-07,176.1645050048828,44.2376594543457,19.5318546295166,206.26065063476562,332.7459716796875,148.0364990234375,170.4745635986328,159.00579833984375,136.3709259033203,242.04904174804688
2021-12-08,176.1580047607422,43.69347381591797,19.38507080078125,208.417724609375,332.7956848144531,148.7205047607422,174.35848999023438,157.1865692138672,134.99295043945312,236.10696411132812
2021-12-09,174.17100524902344,44.019989013671875,19.15022087097168,207.48074340820312,330.93780517578125,148.1060028076172,173.84063720703125,156.9420623779297,136.87060546875,234.0966796875
2021-12-10,172.21200561523438,44.04966735839844,20.98989486694336,205.8409423828125,340.3165283203125,148.6750030517578,178.71047973632812,156.3160858154297,139.37083435058594,234.7076416015625
2021-12-13,169.5675048828125,43.11960220336914,19.99177360534668,206.3289794921875,337.1968994140625,146.70449829101562,175.01577758789062,154.45773315429688,141.88096618652344,230.756103515625
2021-12-14,169.0915069580078,43.66379165649414,19.619922637939453,208.62271118164062,326.20867919921875,144.9705047607422,173.61158752441406,155.64122009277344,143.23484802246094,231.8499298095703
2021-12-15,173.31500244140625,43.47579574584961,19.756921768188477,214.00079345703125,332.47772216796875,147.36849975585938,178.5611114501953,154.477294921875,144.05508422851562,233.199951171875
2021-12-16,168.87100219726562,44.52459716796875,19.913488388061523,217.25108337402344,322.791015625,144.8385009765625,171.5500946044922,156.89315795898438,141.6536407470703,221.5030059814453
2021-12-17,170.0175018310547,43.41643142700195,19.345930099487305,217.17298889160156,321.6981506347656,142.80299377441406,170.43472290039062,153.32318115234375,137.11766052246094,220.05442810058594
2021-12-20,167.07899475097656,42.704036712646484,19.00343894958496,214.72308349609375,317.8334045410156,142.40150451660156,169.0504608154297,150.56500244140625,137.56236267089844,215.9945068359375
2021-12-21,170.41700744628906,43.72315216064453,19.189363479614258,215.6308135986328,325.16552734375,144.2205047607422,172.277099609375,152.66786193847656,137.9774169921875,216.86167907714844
2021-12-22,171.03700256347656,43.81220626831055,19.707992553710938,216.22621154785156,331.0371398925781,146.94900512695312,174.9161834716797,153.26449584960938,138.1553192138672,214.56564331054688
2021-12-23,171.06849670410156,43.95072555541992,19.81563377380371,218.43209838867188,332.5174560546875,147.1425018310547,175.5535430908203,153.8122100830078,137.8489532470703,217.78794860839844
2021-12-27,169.66949462890625,44.168399810791016,20.353836059570312,219.779052734375,340.22711181640625,148.06399536132812,179.5868682861328,154.69248962402344,139.10400390625,220.8329315185547
2021-12-28,170.66099548339844,44.22776794433594,20.314695358276367,220.3647003173828,339.0348815917969,146.447998046875,178.55113220214844,155.1619415283203,141.10023498535156,221.631103515625
2021-12-29,169.2010040283203,44.15850830078125,20.118986129760742,222.15087890625,339.7303771972656,146.50450134277344,178.64077758789062,155.08370971679688,141.0310821533203,224.5972137451172
2021-12-30,168.64450073242188,44.05956268310547,20.030914306640625,221.0479278564453,337.1174011230469,146.00250244140625,177.46563720703125,155.0054473876953,141.48565673828125,228.52906799316406
2021-12-31,166.7169952392578,44.019989013671875,20.324480056762695,219.58384704589844,334.13690185546875,144.67950439453125,176.83824157714844,154.87832641601562,142.98779296875,228.06591796875
2022-01-03,170.4044952392578,45.69213104248047,21.30303192138672,221.26268005371094,332.5770568847656,145.07449340820312,181.2599334716797,158.15487670898438,142.94825744628906,228.56846618652344
2022-01-04,167.52200317382812,47.48301315307617,23.788545608520508,222.3851318359375,326.8743591308594,144.41650390625,178.95944213867188,164.1504669189453,140.3294219970703,230.756103515625
2022-01-05,164.35699462890625,46.68156814575195,23.152488708496094,219.74978637695312,314.3263244628906,137.65350341796875,174.19915771484375,161.1494598388672,142.22683715820312,225.52352905273438
2022-01-06,163.25399780273438,47.62153244018555,23.935327529907227,219.779052734375,311.842529296875,137.55099487304688,171.2911834716797,162.8615264892578,141.83155822753906,227.9772186279297
2022-01-07,162.5540008544922,48.66044235229492,23.91575813293457,221.8483123779297,312.0014953613281,137.00450134277344,171.4604949951172,164.4751739501953,143.1854248046875,227.41554260253906
2022-01-10,161.48599243164062,48.413082122802734,23.338415145874023,224.85455322265625,312.2300109863281,138.57400512695312,171.48040771484375,164.6326141357422,142.90872192382812,224.10452270507812
2022-01-11,165.36199951171875,48.690120697021484,23.82769012451172,226.8164520263672,312.9354248046875,140.0175018310547,174.35848999023438,164.7998809814453,142.5035400390625,224.23260498046875
2022-01-12,165.20700073242188,48.34382247924805,23.945114135742188,226.21128845214844,316.20404052734375,141.6479949951172,174.806640625,165.734619140625,141.7524871826172,221.19752502441406
2022-01-13,161.21400451660156,48.244873046875,24.483318328857422,225.3230743408203,302.8215026855469,139.13099670410156,171.48040771484375,165.52798461914062,143.75860595703125,222.53770446777344
2022-01-14,162.13800048828125,47.40385818481445,24.64967155456543,229.72508239746094,308.18646240234375,139.7864990234375,172.35679626464844,155.35406494140625,143.35342407226562,218.17227172851562
2022-01-18,158.91749572753906,45.77128601074219,23.857044219970703,228.23171997070312,300.6854248046875,136.29049682617188,169.10025024414062,148.84039306640625,140.84332275390625,216.80252075195312
2022-01-19,156.2989959716797,45.94938659667969,21.96844482421875,225.76229858398438,301.36102294921875,135.65199279785156,165.5449676513672,146.5379638671875,142.24659729003906,220.5767059326172
2022-01-20,151.66749572753906,45.26667785644531,21.185604095458984,223.4197540283203,299.64227294921875,133.50650024414062,163.83204650878906,145.2883758544922,139.55860900878906,218.48760986328125
2022-01-21,142.64300537109375,44.44544219970703,20.20705223083496,222.2680206298828,294.1084289550781,130.0919952392578,161.74070739746094,142.74981689453125,138.5407257080078,214.08277893066406
2022-01-24,144.54400634765625,44.079349517822266,19.9526309967041,220.6672821044922,294.4461975097656,130.3719940185547,160.95396423339844,142.6219024658203,138.55059814453125,217.36424255371094
2022-01-25,139.98599243164062,44.95005798339844,19.55142593383789,219.6521759033203,286.61737060546875,126.7354965209961,159.1215362548828,144.17652893066406,135.53648376464844,211.55023193359375
2022-01-26,138.87249755859375,45.41509246826172,19.482927322387695,217.21202087402344,294.7840270996094,129.24000549316406,159.03192138671875,145.54420471191406,134.1529541015625,208.62355041503906
2022-01-27,139.6374969482422,44.9896354675293,19.130647659301758,218.63706970214844,297.8936462402344,129.12100219726562,158.56385803222656,142.9761199951172,134.2418975830078,209.08670043945312
2022-01-28,143.97799682617188,45.385406494140625,19.219173431396484,223.6540069580078,306.259033203125,133.2895050048828,169.62808227539062,144.25523376464844,135.90213012695312,214.4966583251953
2022-01-31,149.57350158691406,45.65255355834961,19.966691970825195,221.701904296875,308.9613952636719,135.69850158691406,174.05972290039062,146.21328735351562,138.16517639160156,217.21641540527344
2022-02-01,151.19349670410156,46.4441032409668,20.320783615112305,223.20501708984375,306.75579833984375,137.8784942626953,173.8904266357422,148.72230529785156,139.25225830078125,216.03390502929688
2022-02-02,150.6125030517578,46.39463424682617,20.291275024414062,223.44903564453125,311.4252624511719,148.0364990234375,175.1153564453125,147.53175354003906,139.19296264648438,214.43753051757812
2022-02-03,138.8455047607422,45.939491271972656,19.563425064086914,218.6761016845703,299.2945251464844,142.65049743652344,172.18746948242188,146.31166076660156,139.33131408691406,210.1115264892578
2022-02-04,157.63949584960938,47.76994705200195,17.66511344909668,216.79232788085938,303.9541015625,143.01600646972656,171.8983154296875,150.1096649169922,137.6908416748047,210.91957092285156
2022-02-07,157.9355010986328,47.99751281738281,17.596261978149414,218.17832946777344,298.9964904785156,138.93800354003906,171.17039489746094,150.61148071289062,136.3369598388672,208.2096710205078
2022-02-08,161.4134979248047,48.85832977294922,17.429052352905273,235.2398223876953,302.5830383300781,139.21299743652344,174.33135986328125,153.44522094726562,136.36660766601562,209.845458984375
2022-02-09,161.1894989013672,48.75938034057617,18.048709869384766,231.5112762451172,309.18988037109375,141.4530029296875,175.77720642089844,154.0847930908203,136.0701446533203,213.48167419433594
2022-02-10,159.0034942626953,48.53181076049805,17.783143997192383,223.3416748046875,300.4172058105469,138.6024932861328,171.6290740966797,153.44522094726562,134.4790802001953,210.7224884033203
2022-02-11,153.2935028076172,47.41374969482422,17.261844635009766,222.7364959716797,293.1248474121094,134.1300048828125,168.1590118408203,151.44781494140625,133.73789978027344,208.47573852539062
2022-02-14,155.16700744628906,46.91903305053711,17.173322677612305,220.7775115966797,293.0851135253906,135.3000030517578,168.39833068847656,150.04080200195312,132.37413024902344,205.52932739257812
2022-02-15,156.510498046875,47.285125732421875,17.783143997192383,220.45263671875,298.51959228515625,136.42550659179688,172.2971649169922,152.2349853515625,132.78919982910156,205.04437255859375
2022-02-16,158.10049438476562,47.17628479003906,17.714292526245117,219.1925811767578,298.171142578125,137.4875030517578,172.057861328125,152.51048278808594,131.95907592773438,205.66786193847656
2022-02-17,154.65249633789062,45.58329391479492,17.252010345458984,218.2278289794922,289.4400634765625,132.30850219726562,168.39833068847656,148.99781799316406,137.24612426757812,201.89715576171875
2022-02-18,152.60150146484375,45.474456787109375,17.74380111694336,217.33200073242188,286.6524658203125,130.46749877929688,166.8228302001953,149.69642639160156,136.36660766601562,202.28314208984375
2022-02-22,150.19749450683594,45.07868576049805,17.006114959716797,217.9620361328125,286.44342041015625,129.40249633789062,163.85133361816406,149.43075561523438,134.8447265625,194.32601928710938
2022-02-23,144.82699584960938,44.306922912597656,16.67169952392578,217.5584259033203,279.0264892578125,127.58499908447266,159.61346435546875,146.3018341064453,133.46119689941406,187.94247436523438
2022-02-24,151.35800170898438,43.13938903808594,16.868412017822266,215.85537719726562,293.2829284667969,132.67349243164062,162.27584838867188,142.22833251953125,132.9473114013672,189.5754852294922
2022-02-25,153.7884979248047,44.54438781738281,17.537248611450195,223.4945068359375,295.9908752441406,134.51950073242188,164.37982177734375,145.5933837890625,134.77554321289062,197.1664276123047
2022-02-28,153.56300354003906,43.73305130004883,17.27168083190918,222.9530792236328,297.46429443359375,134.89100646972656,164.6490478515625,139.5225067138672,133.5699005126953,197.71075439453125
2022-03-01,151.14199829101562,42.02132797241211,16.42580223083496,221.70286560058594,293.641357421875,134.16799926757812,162.73451232910156,134.25840759277344,134.39013671875,217.1680908203125
2022-03-02,152.05250549316406,42.704036712646484,17.80281639099121,225.0302276611328,298.85809326171875,134.75149536132812,166.08494567871094,137.04296875,134.5581512451172,222.58169555664062
2022-03-03,147.89849853515625,42.246673583984375,17.311025619506836,229.01715087890625,294.6070556640625,134.30799865722656,165.75587463378906,136.06886291503906,137.65130615234375,221.5326385498047
2022-03-04,145.64100646972656,40.71548843383789,16.573339462280273,229.282958984375,288.57391357421875,132.1219940185547,162.70460510253906,132.24134826660156,141.13978576660156,221.7899627685547
2022-03-07,137.4530029296875,38.12043762207031,15.707788467407227,230.7103729248047,277.6725158691406,126.4645004272461,158.8456573486328,127.13471984863281,140.00331115722656,208.8645782470703
2022-03-08,136.01449584960938,38.36900329589844,15.766802787780762,227.5011444091797,274.6260986328125,127.27850341796875,156.99095153808594,126.23932647705078,137.1077880859375,206.65756225585938
2022-03-09,139.2790069580078,40.80497360229492,16.101221084594727,227.85552978515625,287.219970703125,133.86599731445312,162.4852294921875,131.29676818847656,137.81930541992188,213.77345275878906
2022-03-10,146.8175048828125,40.43709182739258,16.06187629699707,223.41575622558594,284.3228454589844,132.6820068359375,158.06788635253906,129.7421417236328,140.9520263671875,212.56602478027344
2022-03-11,145.52450561523438,40.09904098510742,15.776639938354492,225.28619384765625,278.827392578125,130.47549438476562,154.28868103027344,126.8198471069336,140.39862060546875,204.83653259277344
2022-03-14,141.85299682617188,40.96405792236328,15.481563568115234,225.6405792236328,275.2134704589844,126.74099731445312,150.19039916992188,128.07928466796875,142.35531616210938,206.6080780029297
2022-03-15,147.3665008544922,41.2623405456543,15.796309471130371,227.95396423339844,285.8759460449219,129.66050720214844,154.64764404296875,130.35218811035156,144.06494140625,213.13015747070312
2022-03-16,153.10400390625,42.554893493652344,16.30777359008789,228.06227111816406,293.0838317871094,133.6905059814453,159.1348114013672,136.17709350585938,143.64002990722656,213.36767578125
2022-03-17,157.23899841308594,42.78357696533203,16.30777359008789,232.18701171875,293.9101257324219,134.60049438476562,160.16188049316406,137.89898681640625,143.85826110839844,218.35572814941406
2022-03-18,161.25050354003906,42.65432357788086,16.583173751831055,232.57093811035156,299.0970153808594,136.80149841308594,163.5122833251953,137.84979248046875,144.28485107421875,223.71986389160156
2022-03-21,161.4915008544922,42.59466552734375,16.209413528442383,232.63986206054688,297.8326721191406,136.47850036621094,164.90830993652344,137.40701293945312,143.08445739746094,220.7012939453125
2022-03-22,164.88900756835938,43.9269905090332,16.809398651123047,232.78750610351562,302.7109069824219,140.27749633789062,168.3385009765625,140.32931518554688,142.6578826904297,220.4736785888672
2022-03-23,163.4080047607422,42.84323501586914,16.406129837036133,230.53317260742188,298.16119384765625,138.5034942626953,169.7245330810547,137.53494262695312,140.82257080078125,214.48602294921875
2022-03-24,163.64950561523438,42.82334899902344,16.553667068481445,233.18128967285156,302.7507629394531,141.31199645996094,173.5735321044922,138.43032836914062,141.6956024169922,214.802734375
2022-03-25,164.77349853515625,43.47956848144531,16.19957733154297,235.07138061523438,302.3326110839844,141.52149963378906,174.22166442871094,139.64056396484375,142.31065368652344,216.35655212402344
2022-03-28,168.99049377441406,43.30059814453125,16.39629554748535,236.7252197265625,309.3215026855469,141.9499969482422,175.0991668701172,138.607421875,144.8404083251953,217.25717163085938
2022-03-29,169.31500244140625,43.191226959228516,17.458560943603516,237.77854919433594,314.01055908203125,143.25,178.44956970214844,138.91244506835938,146.06063842773438,220.6320037841797
2022-03-30,166.30099487304688,42.75374984741211,16.9864444732666,238.7925262451172,312.4674377441406,142.64450073242188,177.26296997070312,138.28271484375,148.67967224121094,219.67201232910156
2022-03-31,162.99749755859375,40.983943939208984,16.632352828979492,238.05421447753906,306.9420471191406,139.64950561523438,174.1119842529297,134.13050842285156,147.73721313476562,210.03240966796875
2022-04-01,163.55999755859375,40.66577911376953,16.37662124633789,239.33395385742188,308.0471496582031,140.6999969482422,173.81283569335938,133.13673400878906,149.81060791015625,208.36972045898438
2022-04-04,168.34649658203125,40.5961799621582,16.386457443237305,241.05670166015625,313.572509765625,143.6425018310547,177.93106079101562,133.7270965576172,149.8403778076172,212.19984436035156
2022-04-05,164.05499267578125,39.910125732421875,15.560250282287598,240.75152587890625,309.50067138671875,141.06300354003906,174.56069946289062,132.17086791992188,150.2669677734375,212.57591247558594
2022-04-06,158.75599670410156,39.47264862060547,15.137311935424805,246.03790283203125,298.171142578125,137.17599487304688,171.3399200439453,130.33709716796875,153.75900268554688,213.71408081054688
2022-04-07,157.7845001220703,39.16442108154297,14.714371681213379,247.7212677001953,300.0328674316406,136.46499633789062,171.64901733398438,129.94058227539062,155.2966766357422,225.83779907226562
2022-04-08,154.4604949951172,39.44281768798828,14.80289363861084,248.09536743164062,295.6523742675781,134.010498046875,169.60487365722656,132.31954956054688,156.1597900390625,230.93470764160156
2022-04-11,151.1219940185547,39.363277435302734,15.0291166305542,246.96327209472656,283.9943542480469,129.79649353027344,165.27725219726562,131.83384704589844,153.06455993652344,226.9462432861328
2022-04-12,150.78750610351562,38.945682525634766,15.107802391052246,246.14617919921875,280.80853271484375,128.37449645996094,167.1818084716797,130.3866424560547,152.0129852294922,228.955322265625
2022-04-13,155.54100036621094,38.597686767578125,15.255340576171875,249.56214904785156,286.3438720703125,130.28599548339844,169.9139862060547,126.18382263183594,155.97129821777344,231.40977478027344
2022-04-14,151.7064971923828,37.3548469543457,15.22583293914795,250.064208984375,278.5884094238281,127.25299835205078,164.8185577392578,125.01417541503906,155.83241271972656,234.75491333007812
2022-04-18,152.78500366210938,38.62751388549805,15.412713050842285,248.0067596435547,279.27532958984375,127.96099853515625,164.5991973876953,127.33365631103516,154.64193725585938,236.92234802246094
2022-04-19,158.11549377441406,39.34339141845703,15.884832382202148,249.42433166503906,284.0341491699219,130.531005859375,166.9225311279297,129.97032165527344,156.3978729248047,243.51370239257812
2022-04-20,153.9980010986328,39.43287658691406,15.786473274230957,251.40304565429688,285.0894470214844,128.24549865722656,166.75302124023438,130.42630004882812,158.36215209960938,246.75
2022-04-21,148.29600524902344,38.687171936035156,15.442220687866211,251.48179626464844,279.5640563964844,124.9375,165.94532775878906,129.4152374267578,158.60023498535156,245.61183166503906
2022-04-22,144.35000610351562,37.344905853271484,14.881579399108887,246.4513702392578,272.8141784667969,119.61399841308594,161.3285369873047,125.6981201171875,155.61415100097656,239.18873596191406
2022-04-25,146.07400512695312,37.07645034790039,15.039999008178711,248.24302673339844,279.4744873046875,123.25,162.41543579101562,125.6584701538086,155.69351196289062,239.16896057128906
2022-04-26,139.39100646972656,36.24126052856445,14.564739227294922,245.9788360595703,269.0210876464844,119.50599670410156,156.352783203125,121.94134521484375,154.06655883789062,234.0621337890625
2022-04-27,138.16700744628906,36.04240417480469,14.703357696533203,244.9156494140625,281.96337890625,115.02050018310547,156.12344360351562,120.35537719726562,153.0149688720703,228.58914184570312
2022-04-28,144.59649658203125,36.59920120239258,14.475627899169922,234.42166137695312,288.344970703125,119.4114990234375,163.1732635498047,122.258544921875,154.96932983398438,233.95327758789062
2022-04-29,124.28150177001953,35.475669860839844,14.020171165466309,229.55859375,276.2886657714844,114.96649932861328,157.20034790039062,118.31344604492188,151.77490234375,226.2930450439453
2022-05-02,124.5,35.93303298950195,14.129084587097168,227.3239288330078,283.2078552246094,117.15699768066406,157.50946044921875,119.39388275146484,150.77291870117188,227.41140747070312
2022-05-03,124.25350189208984,36.91736602783203,14.416221618652344,228.5741729736328,280.52978515625,118.12950134277344,159.02513122558594,121.95126342773438,151.2987060546875,230.14295959472656
2022-05-04,125.92849731445312,38.39883041381836,14.832073211669922,232.42327880859375,288.6933898925781,122.57499694824219,165.54649353027344,125.9855728149414,153.39193725585938,234.9825439453125
2022-05-05,116.40699768066406,37.32501983642578,14.386516571044922,230.70053100585938,276.11944580078125,116.74649810791016,156.3228759765625,122.83345794677734,152.07766723632812,228.3813018798828
2022-05-06,114.77249908447266,37.23553466796875,14.069677352905273,232.81704711914062,273.51104736328125,115.66000366210938,157.06182861328125,122.63521575927734,148.9114532470703,222.88851928710938
2022-05-09,108.78900146484375,36.16171646118164,13.237972259521484,235.51438903808594,263.40606689453125,113.08399963378906,151.8490753173828,120.79151916503906,150.65386962890625,221.88893127441406
2022-05-10,108.85900115966797,35.55521011352539,13.218170166015625,236.9615020751953,268.30426025390625,114.58450317382812,154.29566955566406,117.84756469726562,148.53309631347656,216.8513946533203
2022-05-11,105.37200164794922,35.36629867553711,12.703304290771484,236.892578125,259.3939514160156,113.96099853515625,146.29678344726562,117.10414123535156,146.9798583984375,211.28933715820312
2022-05-12,106.93049621582031,34.869163513183594,12.317154884338379,240.90904235839844,254.21705627441406,113.16100311279297,142.36224365234375,117.00502014160156,146.84046936035156,215.03036499023438
2022-05-13,113.05500030517578,34.968589782714844,13.36668872833252,239.60958862304688,259.9614562988281,116.5155029296875,146.90594482421875,118.04580688476562,147.4080047607422,217.4650115966797
2022-05-16,110.81050109863281,34.610652923583984,12.92113208770752,242.00111389160156,260.3397521972656,114.7925033569336,145.33811950683594,117.22309112548828,147.56732177734375,216.98995971679688
2022-05-17,115.36849975585938,35.783897399902344,13.396391868591309,243.46978759765625,265.63616943359375,116.70149993896484,149.03298950195312,121.10871887207031,130.78042602539062,213.93907165527344
2022-05-18,107.11250305175781,34.68025207519531,12.65379810333252,242.09043884277344,253.54183959960938,112.4010009765625,140.6246795654297,119.03704071044922,121.89910125732422,160.60337829589844
2022-05-19,107.31900024414062,34.25271224975586,12.72310733795166,242.89422607421875,252.60382080078125,110.74549865722656,137.15948486328125,117.27264404296875,118.55367279052734,152.4743194580078
2022-05-20,107.59100341796875,33.66609191894531,12.37656307220459,245.60330200195312,252.02505493164062,109.31300354003906,137.39913940429688,116.31114959716797,118.68310546875,154.39230346679688
2022-05-23,107.55699920654297,35.664581298828125,12.703304290771484,247.13150024414062,260.097900390625,111.66649627685547,142.91148376464844,123.50749206542969,122.068359375,152.94139099121094
2022-05-24,104.0999984741211,35.44584274291992,12.297353744506836,249.95965576171875,259.0700988769531,105.9260025024414,140.16529846191406,125.25206756591797,123.59172821044922,149.0159912109375
2022-05-25,106.7750015258789,35.6347541809082,12.584489822387695,251.07107543945312,261.96392822265625,105.8395004272461,140.32508850097656,126.12434387207031,122.83502960205078,155.44569396972656
2022-05-26,111.07749938964844,36.459999084472656,12.990440368652344,251.11077880859375,265.3367919921875,108.2959976196289,143.58055114746094,128.30506896972656,125.45362091064453,162.1834716796875
2022-05-27,115.14649963378906,36.8079948425293,13.495404243469238,253.3038330078125,272.6612243652344,112.79900360107422,149.43243408203125,130.1190185546875,127.92285919189453,166.0989227294922
2022-05-31,120.20950317382812,36.98696517944336,13.54491138458252,254.77247619628906,271.2941589355469,114.03900146484375,148.633544921875,131.07058715820312,128.0722198486328,160.87168884277344
2022-06-01,121.68399810791016,36.459999084472656,13.416194915771484,251.47793579101562,271.8429870605469,114.13700103759766,148.50372314453125,128.77093505859375,124.90599822998047,155.54507446289062
2022-06-02,125.51100158691406,36.70000076293945,13.752837181091309,246.3773193359375,273.9983825683594,117.74600219726562,151.00025939941406,130.84262084960938,126.95707702636719,159.90773010253906
2022-06-03,122.3499984741211,36.189998626708984,13.36668872833252,246.5460205078125,269.44805908203125,114.56400299072266,145.1783447265625,129.0187530517578,124.77656555175781,160.0369110107422
2022-06-06,124.79000091552734,36.150001525878906,13.327083587646484,243.55909729003906,268.1807556152344,117.010498046875,145.93728637695312,128.59251403808594,124.32852172851562,158.6754608154297
2022-06-07,123.0,36.349998474121094,13.604317665100098,244.5216522216797,271.9228210449219,117.22949981689453,148.50372314453125,128.92955017089844,122.83502960205078,155.00843811035156
2022-06-08,121.18000030517578,35.88999938964844,13.396391868591309,243.59877014160156,269.8372497558594,117.23799896240234,147.75477600097656,126.877685546875,121.76966857910156,155.7239532470703
2022-06-09,116.1500015258789,34.5099983215332,13.148860931396484,239.89736938476562,264.2291564941406,114.91799926757812,142.442138671875,124.21126556396484,120.49520874023438,153.5873565673828
2022-06-10,109.6500015258789,33.16999816894531,12.62409496307373,238.1707000732422,252.4541473388672,111.42749786376953,136.93978881835938,118.50177764892578,121.1722640991211,148.7377471923828
2022-06-13,103.66999816894531,32.02000045776367,11.693377494812012,234.95553588867188,241.74685668945312,106.87650299072266,131.6970672607422,114.97298431396484,118.89219665527344,143.90802001953125
2022-06-14,102.30999755859375,31.459999084472656,12.0795259475708,233.8937225341797,243.97215270996094,107.19400024414062,132.57583618164062,113.0599136352539,118.94197845458984,141.8111572265625
2022-06-15,107.66999816894531,32.04999923706055,12.148835182189941,233.774658203125,251.22674560546875,110.3905029296875,135.2421417236328,114.39807891845703,118.86231994628906,146.52163696289062
2022-06-16,103.66000366210938,31.850000381469727,11.138906478881836,228.9419708251953,244.4511260986328,106.63600158691406,129.8795928955078,112.43544006347656,120.09695434570312,141.99996948242188
2022-06-17,106.22000122070312,31.920000076293945,11.119104385375977,232.92123413085938,247.1254425048828,107.8655014038086,131.37750244140625,112.0389404296875,117.77705383300781,138.43234252929688
2022-06-21,108.68000030517578,32.849998474121094,11.346833229064941,236.5829620361328,253.2025604248047,112.01499938964844,135.68153381347656,114.81439208984375,121.64022827148438,143.79869079589844
2022-06-22,108.94999694824219,32.599998474121094,11.3666353225708,238.29969787597656,252.59384155273438,112.03399658203125,135.16226196289062,114.17008972167969,120.1666488647461,139.93292236328125
2022-06-23,112.44000244140625,32.08000183105469,11.445846557617188,241.2270965576172,258.3116760253906,112.68450164794922,138.0782012939453,112.92113494873047,123.08393859863281,145.8955535888672
2022-06-24,116.45999908447266,32.310001373291016,11.891402244567871,243.4896240234375,267.13299560546875,118.53800201416016,141.4635009765625,116.29132843017578,123.18350982666016,149.48306274414062
2022-06-27,113.22000122070312,32.349998474121094,11.92110538482666,242.97361755371094,264.3289489746094,116.62249755859375,141.4635009765625,115.35956573486328,123.58177185058594,148.67811584472656
2022-06-28,107.4000015258789,32.2599983215332,11.693377494812012,241.6438751220703,255.93675231933594,112.57150268554688,137.24935913085938,114.80448150634766,121.83936309814453,143.6198272705078
2022-06-29,108.91999816894531,31.860000610351562,11.406241416931152,243.54916381835938,259.708740234375,112.25650024414062,139.036865234375,114.2890396118164,121.39131164550781,141.01612854003906
2022-06-30,106.20999908447266,31.1299991607666,11.020092010498047,241.43548583984375,256.2859802246094,109.37249755859375,136.5303497314453,111.62262725830078,121.05278778076172,140.35031127929688
2022-07-01,109.55999755859375,31.559999465942383,11.208215713500977,243.66824340820312,259.0301818847656,109.08100128173828,138.73727416992188,113.05000305175781,122.09822845458984,141.49314880371094
2022-07-05,113.5,31.239999771118164,11.089400291442871,244.83920288085938,262.29327392578125,113.88700103759766,141.36363220214844,112.62000274658203,123.7112045288086,144.8024139404297
2022-07-06,114.33000183105469,30.979999542236328,10.950783729553223,243.37054443359375,265.6461181640625,115.2135009765625,142.7217559814453,111.88999938964844,124.58738708496094,143.90802001953125
2022-07-07,116.33000183105469,31.860000610351562,11.534956932067871,245.52391052246094,267.83148193359375,119.30599975585938,146.14700317382812,114.72000122070312,124.77656555175781,149.02593994140625
2022-07-08,115.54000091552734,31.790000915527344,11.505252838134766,246.57579040527344,267.09307861328125,120.16850280761719,146.83602905273438,114.36000061035156,124.8562240600586,147.06820678710938
2022-07-11,111.75,31.459999084472656,11.178511619567871,245.8811492919922,263.9497375488281,116.52249908447266,144.66903686523438,112.86000061035156,124.90599822998047,145.47817993164062
2022-07-12,109.22000122070312,31.360000610351562,11.445846557617188,245.07736206054688,253.1326904296875,114.84950256347656,145.6576690673828,112.97000122070312,124.52764892578125,143.65957641601562
2022-07-13,110.4000015258789,30.84000015258789,11.396339416503906,245.19644165039062,252.18470764160156,112.18699645996094,145.28819274902344,111.91000366210938,124.82635498046875,144.53408813476562
2022-07-14,110.62999725341797,30.1299991607666,11.277524948120117,243.7079315185547,253.54183959960938,111.44000244140625,148.26405334472656,108.0,127.2657241821289,145.3787841796875
2022-07-15,113.55000305175781,32.25,11.762685775756836,246.7841796875,256.1762390136719,112.76699829101562,149.96170043945312,112.94999694824219,128.51031494140625,145.7564239501953
2022-07-18,113.76000213623047,32.2599983215332,11.841896057128906,241.97134399414062,253.7114715576172,109.91000366210938,146.86599731445312,111.79000091552734,128.21160888671875,148.42967224121094
2022-07-19,118.20999908447266,33.349998474121094,12.46567440032959,245.4246826171875,258.98028564453125,114.62000274658203,150.79054260253906,114.55999755859375,128.99818420410156,152.40475463867188
2022-07-20,122.7699966430664,33.36000061035156,12.604291915893555,244.73997497558594,261.7144775390625,114.69999694824219,152.8277130126953,114.54000091552734,130.07350158691406,155.52520751953125
2022-07-21,124.62999725341797,33.650001525878906,12.871625900268555,243.896484375,264.2790222167969,115.04000091552734,155.134521484375,115.31999969482422,131.9752197265625,157.6717529296875
2022-07-22,122.41999816894531,33.43000030517578,12.693403244018555,244.06517028808594,259.8085021972656,108.36000061035156,153.87625122070312,114.76000213623047,131.63670349121094,156.75747680664062
2022-07-25,121.13999938964844,33.72999954223633,12.71320629119873,246.81394958496094,258.2817687988281,108.20999908447266,152.7378387451172,115.22000122070312,131.44752502441406,156.509033203125
2022-07-26,114.80999755859375,33.04999923706055,12.416168212890625,249.2154083251953,251.36643981933594,105.44000244140625,151.3897247314453,113.41999816894531,121.45105743408203,150.86441040039062
2022-07-27,120.97000122070312,33.59000015258789,13.059749603271484,249.7909698486328,268.1707763671875,113.5999984741211,156.572509765625,115.23999786376953,126.04105377197266,153.6370391845703
2022-07-28,122.27999877929688,33.31999969482422,13.861750602722168,247.8360595703125,275.82452392578125,114.58999633789062,157.13174438476562,114.80999755859375,129.18736267089844,158.42701721191406
2022-07-29,134.9499969482422,33.810001373291016,14.544937133789062,245.5735321044922,280.1453552246094,116.63999938964844,162.28457641601562,115.36000061035156,131.47738647460938,162.3623504638672
2022-08-01,135.38999938964844,33.709999084472656,15.188518524169922,243.75755310058594,277.421142578125,115.4800033569336,161.2859649658203,114.20999908447266,131.9652557373047,164.51882934570312
2022-08-02,134.16000366210938,33.040000915527344,15.010295867919922,242.0408172607422,274.2379150390625,115.9000015258789,159.7880401611328,112.43000030517578,132.10464477539062,162.4617156982422
2022-08-03,139.52000427246094,33.63999938964844,15.535061836242676,245.24606323242188,281.8717041015625,118.77999877929688,165.89956665039062,113.61000061035156,129.93411254882812,166.8740692138672
2022-08-04,142.57000732421875,33.400001525878906,15.218221664428711,245.0872802734375,283.0491943359375,118.87000274658203,165.5800018310547,112.36000061035156,125.02548217773438,165.5225372314453
2022-08-05,140.8000030517578,33.959999084472656,15.148913383483887,244.36288452148438,282.3107604980469,118.22000122070312,165.35000610351562,115.76000213623047,126.0311050415039,165.09523010253906
2022-08-08,139.41000366210938,33.4900016784668,15.624173164367676,245.3948974609375,279.72625732421875,118.13999938964844,164.8699951171875,114.3499984741211,127.056640625,165.92999267578125
2022-08-09,137.8300018310547,33.91999816894531,15.039999008178711,246.4567108154297,281.7020568847656,117.5,164.9199981689453,115.37999725341797,128.31117248535156,164.0915069580078
2022-08-10,142.69000244140625,35.06999969482422,15.5,250.1581268310547,288.5475158691406,120.6500015258789,169.24000549316406,118.38999938964844,128.5800018310547,168.61317443847656
2022-08-11,140.63999938964844,35.90999984741211,15.829999923706055,246.44679260253906,286.41204833984375,119.81999969482422,168.49000549316406,120.13999938964844,129.82000732421875,168.54360961914062
2022-08-12,143.5500030517578,36.29999923706055,16.18000030517578,246.48648071289062,291.2917175292969,122.6500015258789,172.10000610351562,122.12999725341797,132.22000122070312,171.40565490722656
2022-08-15,143.17999267578125,36.25,16.31999969482422,249.15586853027344,292.848388671875,122.87999725341797,173.19000244140625,122.45999908447266,132.60000610351562,172.30999755859375
2022-08-16,144.77999877929688,36.63999938964844,16.43000030517578,251.20999145507812,292.0899963378906,122.51000213623047,173.02999877929688,123.62999725341797,139.3699951171875,180.19000244140625
2022-08-17,142.10000610351562,36.40999984741211,16.030000686645508,250.5800018310547,291.32000732421875,120.31999969482422,174.5500030517578,122.58999633789062,139.52000427246094,175.33999633789062
2022-08-18,142.3000030517578,36.279998779296875,16.149999618530273,249.6999969482422,290.1700134277344,120.86000061035156,174.14999389648438,121.63999938964844,139.07000732421875,173.0500030517578
2022-08-19,138.22999572753906,35.47999954223633,15.880000114440918,250.86000061035156,286.1499938964844,118.12000274658203,171.52000427246094,118.62999725341797,137.02000427246094,167.0399932861328
2022-08-22,133.22000122070312,34.720001220703125,15.079999923706055,246.89999389648438,277.75,115.06999969482422,167.57000732421875,116.66999816894531,134.57000732421875,161.9600067138672
2022-08-23,133.6199951171875,34.40999984741211,15.319999694824219,244.47000122070312,276.44000244140625,114.7699966430664,167.22999572753906,115.5199966430664,134.0,161.97000122070312
2022-08-24,133.8000030517578,34.52000045776367,15.520000457763672,244.49000549316406,275.7900085449219,114.69999694824219,167.52999877929688,115.80000305175781,134.97000122070312,163.1300048828125
